,L2_Cost,L3_Cost,TLC_Cost_2,TLC_Cost_3,TLC_Cost_Custom
count,1476.0,1476.0,1476.0,1476.0,1476.0
mean,30.71951219512195,29.296747967479675,27.655149051490515,28.209349593495936,28.359756097560975
std,5.508568244187242,5.554782602055417,5.47843048581782,5.507364005452063,5.535094169559811
min,25.0,21.0,21.0,21.0,19.0
25%,28.0,26.0,25.0,25.0,26.0
50%,30.0,29.0,27.0,27.0,27.0
75%,31.0,30.0,28.0,29.0,29.0
max,50.0,49.0,48.0,49.0,49.0
